Workbook

Sheet 메모
B3: 11월 25일 (금), 외부열전달 계수를 근사적인 방법으로 계산, 관 길이 계산, 관 개수 및 입출구온도 수정
J10: 1. 다른 냉각유체에 비해 암모니아의 조건이 월등하게 좋음. 장거리 배관 및 기화기 설계시 암모니아의 사용이 불가능한지 2. 총합 열전달계수를 구하는 과정에서, 기화기 외부 온도는 고려하지 않았음. 3. 삼각형 튜브 배열은 세척면에서 불리함을 가짐. 기화기에서 세척이 중요한 부분인지 알아야함 4. TEMA 125P에 쉘측 진동수 관련 내용 확인 5. TEMA 233P 튜브 규격 있음. 관 직경을 늘릴 때 참고 6. 냉매 선정 근거는 끓는점 어는점 및 기타 물성치로 순위 매길 것 7. 튜브 길이에 대한 제한 확인, 고정 튜브형이 15m?? 가능한 한 짧게 설계?

Sheet 기존 증기압축 사이클
B2: Wmin | C2: WC (효율75%) [MW] | F2: WC | I2: 냉각유체 유량 [kg/s] | K2: ic,1 [KJ/kg] | L2: ic,2 [KJ/kg] | M2: 냉각수 유량 [kg/s]
B3: =I11*(((C15+273.15)/(I15+273.15))-1) -> 1.2722317 | C3: =(C12-I11)/0.75 -> 3.9941776 | F3: ↓↓ | I3: =(I11*10^6)/(1000*(H6-H18)) -> 101.89229 | K3: 50.39 | L3: 29.38 | M3: =(I11*10^6)/(1000*(K3-L3)) -> 666.34936
D5: i2 | H5: i1
D6: 426.2 | H6: 396.8
C10: QH [MW] | I10: QL [MW]
C11: 14+W(압축 일) | D11: ≪ | H11: ≪ | I11: 14 | J11: ≪
C12: =ROUND(I3*(D6-D18)*1000,3)/10^6 -> 16.995633
C14: TH [℃] | I14: TL [℃]
C15: 35 | I15: 9.33
D17: i3 | H17: i4 (=i3)
D18: 259.4 | H18: =D18 -> 259.4

Sheet 내부 열전달 계수 계산
R2: 길이 [m]
D3: LNG 출구온도 Tc,o [K] | H3: 냉각유체 입구온도 Th,i [K] | L3: 내부 열전달 계수 hi [W/m2 K] | R3: 40 | S3: 10000
D4: 283 | H4: 293 | J4: 300 | L4: =(M8/O14)*L14 -> 1966.6787
L5: ↓↓직접 입력할 것!! ↓↓
B6: 열교환률 Q [MW] | J6: 열교환률 Q [MW] | L6: 냉각 유체 물성치 | R6: 내부 유동 설정
B7: 15 | J7: 15 | L7: 냉각유체 비열 Cp [J/KG K] | M7: 전도 계수 k [W/mk] | N7: Pr 수 | O7: 밀도 [kg/m3] | P7: 점성계수 [Ns/m2] | R7: 관의 개수 | S7: 유체 압력 [Mpa]
L8: 2283.6 | M8: 0.124 | N8: 3.2988 | O8: 571.48 | P8: 0.00018 | R8: 700 | S8: 1
B9: 엔탈피 차 [J/KG] | C9: ≪ | D9: ΔT1 [Th,i-Tc,o] | H9: ΔT2 [Th,o-Tc,i] | I9: ⇒ | J9: 대수평균 온도차 ΔTlm
B10: =1000*(797.87-11.35) -> 786520 | D10: =H18-D18 -> 108 | H10: =H4-D4 -> 10 | J10: =(D10-H10)/LN(D10/H10) -> 41.184324
B12: ↓↓ | J12: ↓↓ | L12: 계산값 | R12: 추가 고려사항
B13: LNG 유량 | J13: 냉각유체 유량 [kg/s] | L13: nu 수 | M13: Re 수 | N13: 마찰계수 | O13: 튜브 내경 [m] | P13: 유속 [m/s] | R13: 압력강하 [kpa] | S13: 배관(10km) 압력강하 | T13: mpa 변환
B14: =(B7*10^6)/B10 -> 19.071352 | J14: =(J7*10^6)/(L8*(H4-H18)) -> 89.980492 | L14: =((N14/8)*M14*N8)/(1.07+12.7*((N14/8)^0.5)*((N8^0.66)-1)) -> 256.93706 | M14: =(O8*P14*O14)/P8 -> 56127.141 | N14: =(0.79*LN(M14)-1.64)^(-2) -> 0.02041431 | O14: =(19.5-2*1.65)*10^-3 -> 0.0162 | P14: =(J14*4)/(O8*PI()*R8*O14^2) -> 1.0912629 | R14: =0.001*((O8*N14*P14^2)*R3)/(2*O14) -> 17.151791 | S14: =(N15*S3*O8*T17^2)/(2*S17) -> 1173006.6 | T14: =S14/10^6 -> 1.1730066
J15: q=mc(T1-T2) 이용 | M15: =O8*S17*T17/P8 -> 2545927.1 | N15: =(0.79*LN(M15)-1.64)^(-2) -> 0.0099750382 | O15: 외경 25.4도 고려할 것 | R15: ~관 길이
K16: 근사식 결과 | L16: NU 수 근사식 (검산) | O16: =(19.5-2*1.65)*10^-3 -> 0.0162 | S16: 10km 배관 내경 [m] | T16: 배관 유속
D17: LNG 입구온도 Tc,i | H17: 냉각유체 출구온도 Th,o | L17: =0.023*(M14^0.8)*(N8^0.4) -> 233.56543 | O17: =10^-3*(25.4-1.65*2) -> 0.0221 | S17: 0.25 | T17: =J14*4/(PI()*(S17^2)*O8) -> 3.2075795
D18: 112 | H18: 220 | L18: 내부 열전달 계수 hi [W/m2 K]
L19: =(M8/O14)*L17 -> 1787.7848
R20: 이후 10km 관에서,
M21: 관 길이 | R21: 유속이 빠를 경우 압력강하가 커짐.
K22: 112 | L22: 총합 열전달 계수 U [W/m2 K] | R22: 그렇다면 유속을 낮추기 위해 관을 넓혀야 하는데
K23: 190 | L23: =(1/$L$4+1/'외부 열전달 계수 계산'!B11)^(-1) -> 892.68154 | M23: =($B$14*'핀치점 확인'!E14*('내부 열전달 계수 계산'!K23-'내부 열전달 계수 계산'!K22))/('내부 열전달 계수 계산'!L23*'핀치점 확인'!H19*PI()*'내부 열전달 계수 계산'!$O$14*'내부 열전달 계수 계산'!$R$8) -> 2.2995505 | R23: 그러면 외부로 빼앗기는 열량이 커짐
K24: 190 | L24: 총합 열전달 계수 U [W/m2 K]
K25: 205 | L25: =(1/$L$4+1/'외부 열전달 계수 계산'!B22)^(-1) -> 992.36346 | M25: =($B$14*'핀치점 확인'!E45*('내부 열전달 계수 계산'!K25-'내부 열전달 계수 계산'!K24))/('내부 열전달 계수 계산'!L25*'핀치점 확인'!H50*PI()*'내부 열전달 계수 계산'!O14*'내부 열전달 계수 계산'!R8) -> 1.1988352 | R25: 응축기에 도달할 때, 냉각유체의 온도는 몇 k이 적당할까?
K26: 205 | L26: 총합 열전달 계수 U [W/m2 K] | R26: 이걸 먼저 계산해서, 10km 배관 사이의 열교환량을 정의하자.
K27: 220 | L27: =(1/$L$4+1/'외부 열전달 계수 계산'!B33)^(-1) -> 966.99159 | M27: =($B$14*'핀치점 확인'!L14*('내부 열전달 계수 계산'!K27-'내부 열전달 계수 계산'!K26))/('내부 열전달 계수 계산'!L27*'핀치점 확인'!O19*PI()*'내부 열전달 계수 계산'!$O$14*'내부 열전달 계수 계산'!$R$8) -> 1.3134843
K28: 220 | L28: 총합 열전달 계수 U [W/m2 K] | R28: 고려사항
K29: 283 | L29: =(1/$L$4+1/'외부 열전달 계수 계산'!B44)^(-1) -> 758.39362 | M29: =($B$14*'핀치점 확인'!L45*('내부 열전달 계수 계산'!K29-'내부 열전달 계수 계산'!K28))/('내부 열전달 계수 계산'!L29*'핀치점 확인'!O50*PI()*'내부 열전달 계수 계산'!$O$14*'내부 열전달 계수 계산'!$R$8) -> 6.0993122 | R29: 입출구온도를 어떻게 할 것인가? 관의 개수는 어떻게 할 것인가?
M30: =SUM(M23,M25,M27,M29) -> 10.911182 | R30: 냉각유체 변경
R31: 관 개수 변경
L32: 240K R-290 | R32: 관 지름 변경
L33: 2283.6 | M33: 0.124 | N33: 3.2988 | O33: 571.48 | P33: 0.00018 | R33: 가장 펌프 효율이 덜 드는 조건으로 선정
L35: 250K r-717 (암모니아)
L36: 4494.2 | M36: 0.63335 | N36: 1.5895 | O36: 669.93 | P36: 0.000224
L37: 240K R-600a
L38: 2119.6 | M38: 0.11262 | N38: 5.6772 | O38: 617.98 | P38: 0.0003

Sheet 외부 열전달 계수 계산
B1: kern's method 이용
B2: 구간 112~190K | C2: Pr 수 | D2: 전도계수 | E2: 점성계수 | F2: 밀도 | H2: LNG 유량 | I2: pt [m] | J2: 배플 간격 [m] | K2: 배플 지름 [m] | L2: 쉘 내경 [m] | M2: 관 개수 | N2: 관 외경
B3: 물성치는 구간 평균값 사용 | C3: =AVERAGE('LNG 상태량'!F3:F81) -> 1.8299089 | D3: =AVERAGE('LNG 상태량'!D3:D81) -> 0.13839959 | E3: =AVERAGE('LNG 상태량'!E3:E81) -> 6.7609013e-05 | F3: =AVERAGE('LNG 상태량'!B3:B81) -> 363.37139 | H3: ='내부 열전달 계수 계산'!B14 -> 19.071352 | I3: =10^(-3)*23.8125 -> 0.0238125 | J3: 0.3 | K3: =0.0174*(M3/0.215)^(1/2.207) -> 0.67943594 | M3: ='내부 열전달 계수 계산'!R8 -> 700 | N3: =10^(-3)*19.05 -> 0.01905
K4: 배플 지름 [mm]
B5: 쉘측 유동 속도 | C5: JH | D5: de | E5: Re 수 | F5: Gs (질량유속) [질량유량/유효면적] | K5: =K3*1000 -> 679.43594
B6: =F6/F3 -> 1.2874518 | C6: =0.5*(1+$J$3/$K$3)*(0.08*E6^0.6821+0.7*E6^0.1772) -> 181.6779 | D6: =(1.27/$N$3)*($I$3^2-0.785*$N$3^2) -> 0.018810446 | E6: =F6*D6/E3 -> 130159.61 | F6: =$H$3/F8 -> 467.82317
F7: As (유효면적)
F8: =(($I$3-$N$3)*$K$3*$J$3)/$I$3 -> 0.040766156
B10: 외부 열전달 계수 ho [W/m2 K]
B11: =(D3/D6)*C6*C3^0.333 -> 1634.6577
B13: 구간 190~205K | C13: Pr 수 | D13: 전도계수 | E13: 점성계수 | F13: 밀도
B14: 물성치는 구간 평균값 사용 | C14: =AVERAGE('LNG 상태량'!F81:F96) -> 2.6936937 | D14: =AVERAGE('LNG 상태량'!D81:D96) -> 0.075516188 | E14: =AVERAGE('LNG 상태량'!E81:E96) -> 2.4610937e-05 | F14: =AVERAGE('LNG 상태량'!B81:B96) -> 233.11125
B16: 쉘측 유동 속도 | C16: JH | D16: de | E16: Re 수 | F16: Gs (질량유속) [질량유량/유효면적]
B17: =F17/F14 -> 2.0068665 | C17: =0.5*(1+$J$3/$K$3)*(0.08*E17^0.6821+0.7*E17^0.1772) -> 358.72179 | D17: =(1.27/$N$3)*($I$3^2-0.785*$N$3^2) -> 0.018810446 | E17: =F17*D17/E14 -> 357563.08 | F17: =$H$3/F19 -> 467.82317
F18: As (유효면적)
F19: =(($I$3-$N$3)*$K$3*$J$3)/$I$3 -> 0.040766156
B21: 외부 열전달 계수 ho [W/m2 K]
B22: =(D14/D17)*C17*C14^0.333 -> 2003.1094
B24: 구간 205~220K | C24: Pr 수 | D24: 전도계수 | E24: 점성계수 | F24: 밀도
B25: 물성치는 구간 평균값 사용 | C25: =AVERAGE('LNG 상태량'!F96:F111) -> 2.3373687 | D25: =AVERAGE('LNG 상태량'!D96:D111) -> 0.0519355 | E25: =AVERAGE('LNG 상태량'!E96:E111) -> 1.4238688e-05 | F25: =AVERAGE('LNG 상태량'!B96:B111) -> 132.61875
B27: 쉘측 유동 속도 | C27: JH | D27: de | E27: Re 수 | F27: Gs (질량유속) [질량유량/유효면적]
B28: =F28/F25 -> 3.5275794 | C28: =0.5*(1+$J$3/$K$3)*(0.08*E28^0.6821+0.7*E28^0.1772) -> 519.32667 | D28: =(1.27/$N$3)*($I$3^2-0.785*$N$3^2) -> 0.018810446 | E28: =F28*D28/E25 -> 618031.86 | F28: =$H$3/F30 -> 467.82317
F29: As (유효면적)
F30: =(($I$3-$N$3)*$K$3*$J$3)/$I$3 -> 0.040766156
B32: 외부 열전달 계수 ho [W/m2 K]
B33: =(D25/D28)*C28*C25^0.333 -> 1902.357
B35: 구간 220~283K | C35: Pr 수 | D35: 전도계수 | E35: 점성계수 | F35: 밀도
B36: 물성치는 구간 평균값 사용 | C36: =AVERAGE('LNG 상태량'!F111:F174) -> 1.0913542 | D36: =AVERAGE('LNG 상태량'!D111:D174) -> 0.038533813 | E36: =AVERAGE('LNG 상태량'!E111:E174) -> 1.1933641e-05 | F36: =AVERAGE('LNG 상태량'!B111:B174) -> 72.408578
B38: 쉘측 유동 속도 | C38: JH | D38: de | E38: Re 수 | F38: Gs (질량유속) [질량유량/유효면적]
B39: =F39/F36 -> 6.4608804 | C39: =0.5*(1+$J$3/$K$3)*(0.08*E39^0.6821+0.7*E39^0.1772) -> 585.29282 | D39: =(1.27/$N$3)*($I$3^2-0.785*$N$3^2) -> 0.018810446 | E39: =F39*D39/E36 -> 737408.04 | F39: =$H$3/F41 -> 467.82317
F40: As (유효면적)
F41: =(($I$3-$N$3)*$K$3*$J$3)/$I$3 -> 0.040766156
B43: 외부 열전달 계수 ho [W/m2 K]
B44: =(D36/D39)*C39*C36^0.333 -> 1234.4078

Sheet 핀치점 확인
F2: 구간 112~190K | M2: 구간 205~220K
J4: 온도 구간 설정 [LNG]
E5: LNG 출구온도 Tc,o [K] | H5: 냉각유체 입구온도 Th,i [K] | J5: 112K~190K | L5: LNG 출구온도 Tc,o [K] | O5: 냉각유체 입구온도 Th,i [K]
E6: 190 | H6: =ROUND(H28,3) -> 248.801 | J6: 190K~205K | L6: 220 | O6: =ROUND(O28,3) -> 272.494
J7: 205K~220K
J8: 220K~283K
E10: ΔT1 [Th,i-Tc,o] | H10: ΔT2 [Th,o-Tc,i] | L10: ΔT1 [Th,i-Tc,o] | O10: ΔT2 [Th,o-Tc,i]
E11: =H6-E6 -> 58.801 | H11: =H17-E17 -> 108 | L11: =O6-L6 -> 52.494 | O11: =O17-L17 -> 55.596
E13: LNG비열 (구간 평균값 사용) | H13: 냉각유체 비열 Cp [J/KG K] | L13: LNG비열 (구간 평균값 사용) | O13: 냉각유체 비열 Cp [J/KG K]
E14: =3.97831139240506*1000 -> 3978.3114 | H14: ='내부 열전달 계수 계산'!L8 -> 2283.6 | L14: =8.54621875*1000 -> 8546.2188 | O14: =H14 -> 2283.6
E16: LNG 입구온도 Tc,i | H16: 냉각유체 출구온도 Th,o | L16: LNG 입구온도 Tc,i | O16: 냉각유체 출구온도 Th,o
E17: 112 | H17: ='내부 열전달 계수 계산'!H18 -> 220 | L17: 205 | O17: =H37 -> 260.596
H19: =(E11-H11)/LN(E11/H11) -> 80.923086 | O19: =(L11-O11)/LN(L11/O11) -> 54.03016
E21: ↓↓ | H21: ↓↓ | L21: ↓↓ | O21: ↓↓
E22: LNG 유량 [kg/s] | H22: 냉각유체 유량 [kg/s] | L22: LNG 유량 [kg/s] | O22: 냉각유체 유량 [kg/s]
E23: ='내부 열전달 계수 계산'!B14 -> 19.071352 | H23: ='내부 열전달 계수 계산'!J14 -> 89.980492 | L23: ='내부 열전달 계수 계산'!B14 -> 19.071352 | O23: ='내부 열전달 계수 계산'!J14 -> 89.980492
G27: ⇒ | H27: 냉각유체 출구온도 | O27: 냉각유체 출구온도
H28: =H17+((E23*E14*(E6-E17))/(H23*H14)) -> 248.80093 | O28: =O17+((L23*L14*(L6-L17))/(O23*O14)) -> 272.49412
F33: 구간 190~205K | M33: 구간 220~283K
E36: LNG 출구온도 Tc,o [K] | H36: 냉각유체 입구온도 Th,i [K] | L36: LNG 출구온도 Tc,o [K] | O36: 냉각유체 입구온도 Th,i [K]
E37: 205 | H37: =ROUND(H59,3) -> 260.596 | L37: 283 | O37: =ROUND(O59,3) -> 293.19
E41: ΔT1 [Th,i-Tc,o] | H41: ΔT2 [Th,o-Tc,i] | L41: ΔT1 [Th,i-Tc,o] | O41: ΔT2 [Th,o-Tc,i]
E42: =H37-E37 -> 55.596 | H42: =H48-E48 -> 58.801 | L42: =O37-L37 -> 10.19 | O42: =O48-L48 -> 52.494
E44: LNG비열 (구간 평균값 사용) | H44: 냉각유체 비열 Cp [J/KG K] | L44: LNG비열 (구간 평균값 사용) | O44: 냉각유체 비열 Cp [J/KG K]
E45: =8.47210625*1000 -> 8472.1062 | H45: =H14 -> 2283.6 | L45: =3.539496875*1000 -> 3539.4969 | O45: =H14 -> 2283.6
E47: LNG 입구온도 Tc,i | H47: 냉각유체 출구온도 Th,o | L47: LNG 입구온도 Tc,i | O47: 냉각유체 출구온도 Th,o
E48: 190 | H48: =H6 -> 248.801 | L48: 220 | O48: =O6 -> 272.494
H50: =(E42-H42)/LN(E42/H42) -> 57.183531 | O50: =(L42-O42)/LN(L42/O42) -> 25.806262
E52: ↓↓ | H52: ↓↓ | L52: ↓↓ | O52: ↓↓
E53: LNG 유량 [kg/s] | H53: 냉각유체 유량 [kg/s] | L53: LNG 유량 [kg/s] | O53: 냉각유체 유량 [kg/s]
E54: ='내부 열전달 계수 계산'!B14 -> 19.071352 | H54: ='내부 열전달 계수 계산'!J14 -> 89.980492 | L54: ='내부 열전달 계수 계산'!B14 -> 19.071352 | O54: ='내부 열전달 계수 계산'!J14 -> 89.980492
G58: ⇒ | H58: 냉각유체 출구온도 | O58: 냉각유체 출구온도
H59: =H48+((E54*E45*(E37-E48))/(H54*H45)) -> 260.59594 | N59: ⇒ | O59: =O48+((L54*L45*(L37-L48))/(O54*O45)) -> 293.19042

Sheet X
A3: 냉각유체 입구온도 Th,i [K] | F3: 냉각유체 유량 | H3: 냉각유체 비열
A4: ='내부 열전달 계수 계산'!H4 -> 293 | F4: ='내부 열전달 계수 계산'!J14 -> 89.980492 | H4: ='내부 열전달 계수 계산'!L8 -> 2283.6
A5: 냉각유체 출구온도 Th,o | F5: LNG 유량
A6: ='내부 열전달 계수 계산'!H18 -> 220 | F6: ='내부 열전달 계수 계산'!B14 -> 19.071352
B8: LNG 입구온도 | C8: 냉각유체 온도 | E8: LNG 비열
B9: 112 | C9: =A6 -> 220 | E9: 3.4127
B10: 113 | C10: =C9+(E10*1000*$F$6*(B10-B9))/($F$4*$H$4) -> 220.31721 | E10: 3.4177
B11: 114 | C11: =C10+(E11*1000*$F$6*(B11-B10))/($F$4*$H$4) -> 220.63489 | E11: 3.4228
B12: 115 | C12: =C11+(E12*1000*$F$6*(B12-B11))/($F$4*$H$4) -> 220.95307 | E12: 3.4281
B13: 116 | C13: =C12+(E13*1000*$F$6*(B13-B12))/($F$4*$H$4) -> 221.27174 | E13: 3.4334
B14: 117 | C14: =C13+(E14*1000*$F$6*(B14-B13))/($F$4*$H$4) -> 221.59091 | E14: 3.4389
B15: 118 | C15: =C14+(E15*1000*$F$6*(B15-B14))/($F$4*$H$4) -> 221.91061 | E15: 3.4445
B16: 119 | C16: =C15+(E16*1000*$F$6*(B16-B15))/($F$4*$H$4) -> 222.23085 | E16: 3.4503
B17: 120 | C17: =C16+(E17*1000*$F$6*(B17-B16))/($F$4*$H$4) -> 222.55163 | E17: 3.4562
B18: 121 | C18: =C17+(E18*1000*$F$6*(B18-B17))/($F$4*$H$4) -> 222.87297 | E18: 3.4622
B19: 122 | C19: =C18+(E19*1000*$F$6*(B19-B18))/($F$4*$H$4) -> 223.19489 | E19: 3.4684
B20: 123 | C20: =C19+(E20*1000*$F$6*(B20-B19))/($F$4*$H$4) -> 223.5174 | E20: 3.4748
B21: 124 | C21: =C20+(E21*1000*$F$6*(B21-B20))/($F$4*$H$4) -> 223.84051 | E21: 3.4813
... B180: 283 | C180: =C179+(E180*1000*$F$6*(B180-B179))/($F$4*$H$4) -> 292.97273 | E180: 2.8325

Sheet LNG 상태량
A1: Temperature | B1: Density | C1: Cp | D1: Therm. Cond. | E1: Viscosity | F1: Prandtl
A2: (K) | B2: (kg/m?) | C2: (kJ/kg-K) | D2: (W/m-K) | E2: (?Pa-s)
A3: 112 | B3: 428.04 | C3: 3.4127 | D3: 0.19073 | E3: 0.00012718 | F3: 2.2756
A4: 113 | B4: 426.68 | C4: 3.4177 | D4: 0.1894 | E4: 0.00012454 | F4: 2.2473
A5: 114 | B5: 425.31 | C5: 3.4228 | D5: 0.18807 | E5: 0.00012198 | F5: 2.2201
A6: 115 | B6: 423.93 | C6: 3.4281 | D6: 0.18673 | E6: 0.00011951 | F6: 2.194
A7: 116 | B7: 422.56 | C7: 3.4334 | D7: 0.18539 | E7: 0.00011711 | F7: 2.1688
A8: 117 | B8: 421.17 | C8: 3.4389 | D8: 0.18405 | E8: 0.00011477 | F8: 2.1445
A9: 118 | B9: 419.78 | C9: 3.4445 | D9: 0.18271 | E9: 0.00011251 | F9: 2.1211
A10: 119 | B10: 418.38 | C10: 3.4503 | D10: 0.18136 | E10: 0.00011031 | F10: 2.0986
A11: 120 | B11: 416.97 | C11: 3.4562 | D11: 0.18001 | E11: 0.00010817 | F11: 2.0769
A12: 121 | B12: 415.56 | C12: 3.4622 | D12: 0.17866 | E12: 0.00010609 | F12: 2.0559
A13: 122 | B13: 414.14 | C13: 3.4684 | D13: 0.17731 | E13: 0.00010407 | F13: 2.0357
A14: 123 | B14: 412.71 | C14: 3.4748 | D14: 0.17596 | E14: 0.0001021 | F14: 2.0162
... A20: 129 | B20: 403.98 | C20: 3.5167 | D20: 0.16783 | E20: 9.1274e-05 | F20: 1.9125
A21: 130 | B21: 402.49 | C21: 3.5244 | D21: 0.16648 | E21: 8.9621e-05 | F21: 1.8973 | O21: 205에서 비열 피크
A22: 131 | B22: 401 | C22: 3.5323 | D22: 0.16513 | E22: 8.8007e-05 | F22: 1.8826
A23: 132 | B23: 399.5 | C23: 3.5405 | D23: 0.16377 | E23: 8.643e-05 | F23: 1.8684
A24: 133 | B24: 397.98 | C24: 3.5489 | D24: 0.16242 | E24: 8.4889e-05 | F24: 1.8548
A25: 134 | B25: 396.46 | C25: 3.5575 | D25: 0.16107 | E25: 8.3384e-05 | F25: 1.8417
A26: 135 | B26: 394.93 | C26: 3.5664 | D26: 0.15972 | E26: 8.1912e-05 | F26: 1.829
A27: 136 | B27: 393.38 | C27: 3.5756 | D27: 0.15837 | E27: 8.0472e-05 | F27: 1.8169
A28: 137 | B28: 391.83 | C28: 3.5851 | D28: 0.15702 | E28: 7.9064e-05 | F28: 1.8052
A29: 138 | B29: 390.26 | C29: 3.5948 | D29: 0.15567 | E29: 7.7687e-05 | F29: 1.794
A30: 139 | B30: 388.69 | C30: 3.6049 | D30: 0.15432 | E30: 7.6339e-05 | F30: 1.7833
A31: 140 | B31: 387.1 | C31: 3.6154 | D31: 0.15298 | E31: 7.5019e-05 | F31: 1.773
A32: 141 | B32: 385.5 | C32: 3.6261 | D32: 0.15163 | E32: 7.3727e-05 | F32: 1.7631
A33: 142 | B33: 383.89 | C33: 3.6372 | D33: 0.15029 | E33: 7.2462e-05 | F33: 1.7537
... A174: 283 | B174: 55.401 | C174: 2.8325 | D174: 0.038827 | E174: 1.2266e-05 | F174: 0.89481
